Year,Round,Pick,Overall,Name,Team,Position,School,Player.Code,Rush.Att,Rush.Yard,Rush.TD,Rec.Yards,Rec.TD,Rec
2010,1,22,22,Demaryius Thomas,BRONCOS,WR,Georgia Tech,1001191,1,3,0,1154,8,46
2010,1,24,24,Dez Bryant,COWBOYS,WR,Oklahoma State,1010524,0,0,0,1480,19,87
2010,2,7,39,Arrelious Benn,BUCCANEERS,WR,Illinois,1009244,23,101,2,1055,3,67
2010,2,28,60,Golden Tate,SEAHAWKS,WR,Notre Dame,1010433,25,186,2,1496,15,93
2010,3,13,77,Damian Williams,TITANS,WR,USC,1000190,2,16,0,1010,6,70
2010,3,14,78,Brandon LaFell,PANTHERS,WR,Louisiana State,1001715,2,6,0,929,8,63
2010,3,18,82,Emmanuel Sanders,STEELERS,WR,Southern Methodist,81014,1,6,0,1339,7,98
2010,3,20,84,Jordan Shipley,BENGALS,WR,Texas,75206,1,0,0,1485,13,116
2010,3,23,87,Eric Decker,BRONCOS,WR,Minnesota,1002129,11,87,1,1074,7,84
2010,3,24,88,Andre Roberts,CARDINALS,WR,Citadel,1005102,6,6,0,219,1,14
2010,3,25,89,Armanti Edwards,PANTHERS,WR,Appalachian State,NA,NA,NA,NA,NA,NA,NA
2010,3,26,90,Taylor Price,PATRIOTS,WR,Ohio,1002819,10,94,0,784,5,56
2010,4,1,99,Mardy Gilyard,RAMS,WR,Cincinnati,78426,5,16,1,1191,11,87
2010,4,3,101,Mike Williams,BUCCANEERS,WR,Syracuse,1003546,0,0,0,837,10,60
2010,4,9,107,Marcus Easley,BILLS,WR,Connecticut,1008754,1,11,0,893,8,48
2010,4,10,108,Jacoby Ford,RAIDERS,WR,Clemson,1000764,18,122,2,779,6,56
2010,5,25,156,David Reed,RAVENS,WR,Utah,1019100,4,4,0,1188,5,81
2010,5,28,159,Riley Cooper,EAGLES,WR,Florida,1001153,1,14,0,961,9,51
2010,5,34,165,Kerry Meier,FALCONS,WR,Kansas,1001597,2,-2,0,985,8,102
2010,6,8,177,Carlton Mitchell,BROWNS,WR,South Florida,1003351,0,0,0,706,4,40
2010,6,22,191,Dezmon Briscoe,BENGALS,WR,Kansas,1009439,2,18,0,1402,15,92
2010,6,26,195,Antonio Brown,STEELERS,WR,Central Michigan,1008577,44,350,3,1198,9,110
2010,6,29,198,David Gettis,PANTHERS,WR,Baylor,1000326,0,0,0,675,3,52
2010,6,37,206,Kyle Williams,49ERS,WR,Arizona State,1000129,5,73,0,815,8,57
2010,7,12,219,Terrence Austin,TEAM,WR,UCLA,1000630,13,90,0,460,1,53
2010,7,15,222,Marc Mariani,TITANS,WR,Montana,NA,NA,NA,NA,NA,NA,NA
2010,7,48,255,Timothy Toone,LIONS,WR,Weber State,NA,NA,NA,NA,NA,NA,NA
2011,1,4,4,A.J. Green,BENGALS,WR,Georgia,NA,NA,NA,NA,963,8,56
2011,1,6,6,Julio Jones,FALCONS,WR,Alabama,1015262,8,135,2,1133,7,78
2011,1,26,26,Jonathan Baldwin,CHIEFS,WR,Pittsburgh,1018008,1,61,0,1111,8,57
2011,2,12,44,Titus Young,LIONS,WR,Boise State,1008283,14,94,1,1215,9,71
2011,2,26,58,Torrey Smith,RAVENS,WR,Maryland,1009721,9,7,0,1055,12,67
2011,2,27,59,Greg Little,BROWNS,WR,North Carolina,1010085,59,300,2,99,1,13
2011,2,32,64,Randall Cobb,PACKERS,WR,Kentucky,1016760,55,424,5,1017,7,84
2011,3,14,78,Austin Pettis,RAMS,WR,Boise State,1008301,0,0,0,951,10,71
2011,3,15,79,Leonard Hankerson,TEAM,WR,Miami (FL),1009813,0,0,0,1156,13,72
2011,3,18,82,Vincent Brown,CHARGERS,WR,San Diego State,1010867,1,-13,0,1352,10,69
2011,3,19,83,Jerrel Jernigan,GIANTS,WR,Troy,1011498,40,266,1,1101,4,71
2011,4,10,107,Kris Durham,SEAHAWKS,WR,Georgia,NA,NA,NA,NA,NA,NA,NA
2011,4,14,111,Edmond Gates,DOLPHINS,WR,Abilene Christian,NA,NA,NA,NA,NA,NA,NA
2011,4,15,112,Greg Salas,RAMS,WR,Hawaii,1001251,0,0,0,1889,14,119
2011,4,17,114,Cecil Shorts,JAGUARS,WR,Mount Union,NA,NA,NA,NA,NA,NA,NA
2011,4,26,123,Tandon Doss,RAVENS,WR,Indiana,1016575,14,127,1,962,5,77
2011,5,1,132,Kealoha Pilares,PANTHERS,WR,Hawaii,1009116,0,0,0,1306,15,88
2011,5,17,148,Denarius Moore,RAIDERS,WR,Tennessee,1011223,7,82,1,981,9,47
2011,5,22,153,Jeremy Kerley,JETS,WR,Texas Christian,1011291,18,97,2,575,10,56
2011,5,24,155,Niles Paul,TEAM,WR,Nebraska,1010098,3,48,1,796,4,40
2011,6,2,167,Ryan Whelan,BENGALS,WR,Stanford,NA,NA,NA,NA,NA,NA,NA
2011,6,11,176,Dwayne Harris,COWBOYS,WR,East Carolina,1000924,16,104,0,1123,10,101
2011,6,13,178,Aldrick Robinson,TEAM,WR,Southern Methodist,1011009,0,0,0,1301,14,65
2011,6,17,182,Ronald Johnson,49ERS,WR,USC,1010992,5,25,0,692,8,64
2011,7,24,227,Scotty McKnight,JETS,WR,Colorado,1000815,0,2,1,893,6,76
2011,7,33,236,Stephen Burton,VIKINGS,WR,West Texas A&M,NA,NA,NA,NA,NA,NA,NA
2011,7,38,241,David Ausberry,RAIDERS,WR,USC,1003361,2,14,0,252,4,20
2011,7,46,249,Demarco Sampson,CARDINALS,WR,San Diego State,NA,NA,NA,NA,NA,NA,NA
2012,1,5,5,Justin Blackmon,JAGUARS,WR,Oklahoma State,1017825,4,77,1,1782,20,111
2012,1,13,13,Michael Floyd,CARDINALS,WR,Notre Dame,1017708,2,13,1,1147,9,100
2012,1,20,20,Kendall Wright,TITANS,WR,Baylor,1015535,10,72,0,1663,14,108
2012,1,30,30,A.J. Jenkins,49ERS,WR,Illinois,1016547,5,26,0,1276,8,90
2012,2,1,33,Brian Quick,RAMS,WR,Appalachian State,1012197,0,0,0,110,1,3
2012,2,11,43,Stephen Hill,JETS,WR,Georgia Tech,1023974,4,29,0,820,5,28
2012,2,13,45,Alshon Jeffery,BEARS,WR,South Carolina,1025926,0,0,0,1517,9,88
2012,2,22,54,Ryan Broyles,LIONS,WR,Oklahoma,1010601,0,0,0,1622,14,131
2012,2,31,63,Rueben Randle,GIANTS,WR,Louisiana State,1024460,0,0,0,917,8,53
2012,3,5,68,Devier Posey,TEXANS,WR,Ohio State,NA,NA,NA,NA,NA,NA,NA
2012,3,6,69,T.J. Graham,BILLS,WR,North Carolina State,1017539,2,-5,0,757,7,46
2012,3,20,83,Mohamed Sanu,BENGALS,WR,Rutgers,1025840,4,-2,0,1206,7,115
2012,3,29,92,T.Y. Hilton,COLTS,WR,Florida International,1016222,19,124,1,1038,7,72
2012,4,1,96,Chris Givens,RAMS,WR,Wake Forest,1019246,14,77,0,1330,9,83
2012,4,5,100,Travis Benjamin,BROWNS,WR,Miami (FL),1017037,3,44,0,743,3,43
2012,4,9,104,Joe Adams,PANTHERS,WR,Arkansas,1015441,6,32,0,813,6,50
2012,4,12,107,Devon Wylie,CHIEFS,WR,Fresno State,1008443,8,48,0,716,1,56
2012,4,23,118,Jarius Wright,VIKINGS,WR,Arkansas,1015446,0,0,0,1117,12,66
2012,4,26,121,Keshawn Martin,TEXANS,WR,Michigan State,1017070,19,113,2,777,4,66
2012,4,27,122,Nick Toon,SAINTS,WR,Wisconsin,1012096,0,0,0,926,10,64
2012,4,39,134,Greg Childs,VIKINGS,WR,Arkansas,1015458,0,0,0,894,7,48
2012,5,17,152,Danny Coale,COWBOYS,WR,Virginia Tech,NA,NA,NA,NA,NA,NA,NA
2012,5,31,166,Marvin Jones,BENGALS,WR,California,1015763,5,22,0,846,3,62
2012,5,33,168,Juron Criner,RAIDERS,WR,Arizona,1015395,8,66,0,1244,11,83
2012,6,13,183,B.J. Cunningham,DOLPHINS,WR,Michigan State,1009838,3,26,0,1306,12,79
2012,6,24,194,Marvin McNutt,EAGLES,WR,Iowa,1009350,1,5,0,861,8,53
2012,6,28,198,Tommy Streeter,RAVENS,WR,Miami (FL),1017039,0,0,0,811,8,46
2012,6,36,206,LaVon Brazill,COLTS,WR,Ohio,1010512,5,73,1,1150,11,72
2012,7,20,227,Rishard Matthews,DOLPHINS,WR,Nevada,1033041,5,-1,0,1364,8,91
2012,7,24,231,Toney Clemons,STEELERS,WR,Colorado,1009845,0,0,0,680,8,43
2012,7,28,235,Jeremy Ebert,PATRIOTS,WR,Northwestern,1017670,4,26,0,1060,11,75
2012,7,31,238,Junior Hemingway,CHIEFS,WR,Michigan,1009847,0,0,0,699,4,34
2012,7,37,244,Jordan White,JETS,WR,Western Michigan,1004616,1,27,0,1911,17,140
2013,1,8,8,Tavon Austin,RAMS,WR,West Virginia,1027034,73,652,3,1287,12,111
2013,1,27,27,DeAndre Hopkins,TEXANS,WR,Clemson,1031566,0,0,0,1405,18,82
2013,1,29,29,Cordarrelle Patterson,VIKINGS,WR,Tennessee,1049516,25,308,3,778,5,46
2013,2,2,34,Justin Hunter,TITANS,WR,Tennessee,1034144,0,0,0,1083,9,73
2013,2,9,41,Robert Woods,BILLS,WR,USC,1033848,7,16,0,1292,15,111
2013,2,27,59,Aaron Dobson,PATRIOTS,WR,Marshall,1024597,2,18,0,689,5,44
2013,3,12,74,Terrance Williams,COWBOYS,WR,Baylor,1015561,2,14,0,1832,12,97
2013,3,14,76,Keenan Allen,CHARGERS,WR,California,1031395,9,55,0,1343,6,98
2013,3,16,78,Marquise Goodwin,BILLS,WR,Texas,1026427,22,220,0,421,2,33
2013,3,17,79,Markus Wheaton,STEELERS,WR,Oregon State,1025621,20,142,2,1244,11,91
2013,3,30,92,Stedman Bailey,RAMS,WR,West Virginia,1027050,2,13,0,1627,25,113
2013,4,4,101,Ace Sanders,JAGUARS,WR,South Carolina,1033804,3,1,0,531,9,45
2013,4,5,102,Josh Boyce,PATRIOTS,WR,Texas Christian,1026365,1,1,0,998,9,61
2013,4,26,123,Chris Harper,SEAHAWKS,WR,Kansas State,1017928,0,-7,0,857,3,58
2013,4,31,128,Quinton Patton,49ERS,WR,Louisiana Tech,1040012,1,-5,0,1392,13,104
2013,5,2,135,Denard Robinson,JAGUARS,WR,Michigan,NA,NA,NA,NA,NA,NA,NA
2013,5,11,144,Kenny Stills,SAINTS,WR,Oklahoma,1033469,2,22,0,964,11,82
2013,5,28,161,Tavarres King,BRONCOS,WR,Georgia,NA,NA,NA,NA,NA,NA,NA
2013,6,3,171,Corey Fuller,LIONS,WR,Virginia Tech,NA,NA,NA,NA,NA,NA,NA
2013,6,6,174,Ryan Swope,CARDINALS,WR,Texas A&M,1026295,7,3,0,1207,11,89
2013,6,18,186,Justin Brown,STEELERS,WR,Oklahoma,1025690,0,0,0,879,5,73
2013,6,27,195,Alan Bonner,TEXANS,WR,Jacksonville State,1027753,3,14,1,130,1,11
2013,6,29,197,Cobi Hamilton,BENGALS,WR,Arkansas,1023058,0,0,0,1335,5,90
2013,7,3,209,Brice Butler,RAIDERS,WR,San Diego State,1018251,0,0,0,347,4,24
2013,7,10,216,Charles Johnson,PACKERS,WR,Grand Valley State,NA,NA,NA,NA,NA,NA,NA
2013,7,18,224,Kevin Dorsey,PACKERS,WR,Maryland,1016931,0,0,0,573,3,45
2013,7,30,236,Marquess Wilson,BEARS,WR,Washington State,1034889,2,17,0,1388,12,82
2013,7,32,238,Aaron Mellette,RAVENS,WR,Elon,1029622,2,12,0,180,1,11
2014,1,4,4,Sammy Watkins,BILLS,WR,Clemson,1039103,6,11,0,1464,12,101
2014,1,7,7,Mike Evans,BUCCANEERS,WR,Texas A&M,1041728,0,0,0,1394,12,69
2014,1,12,12,Odell Beckham,GIANTS,WR,Louisiana State,NA,NA,NA,NA,NA,NA,NA
2014,1,20,20,Brandin Cooks,SAINTS,WR,Oregon State,1041051,32,217,2,1730,16,128
2014,1,28,28,Kelvin Benjamin,PANTHERS,WR,Florida State,1039388,0,0,0,1011,15,54
2014,2,7,39,Marqise Lee,JAGUARS,WR,USC,1041441,13,106,0,1721,14,118
2014,2,10,42,Jordan Matthews,EAGLES,WR,Vanderbilt,1034749,6,54,0,1477,7,112
2014,2,13,45,Paul Richardson,SEAHAWKS,WR,Colorado,1031639,1,7,0,1343,10,83
2014,2,21,53,Davante Adams,PACKERS,WR,Fresno State,1038921,0,0,0,1719,24,131
2014,2,24,56,Cody Latimer,BRONCOS,WR,Indiana,1039707,0,0,0,1096,9,72
2014,2,29,61,Allen Robinson,JAGUARS,WR,Penn State,1041144,6,36,0,1432,6,97
2014,2,31,63,Jarvis Landry,DOLPHINS,WR,Louisiana State,1039985,0,0,0,1193,10,77
2014,3,22,86,Josh Huff,EAGLES,WR,Oregon,1033534,6,28,0,1140,12,62
2014,3,26,90,Donte Moncrief,COLTS,WR,Mississippi,1040418,0,0,0,979,10,66
2014,3,27,91,John Brown,CARDINALS,WR,Pittsburg State (KS),NA,NA,NA,NA,NA,NA,NA
2014,4,4,104,Jalen Saunders,JETS,WR,Oklahoma,1031383,8,91,2,1065,12,50
2014,4,6,106,Bruce Ellington,49ERS,WR,South Carolina,1041334,3,14,0,775,8,49
2014,4,15,115,Shaq Evans,JETS,WR,UCLA,NA,NA,NA,NA,NA,NA,NA
2014,4,18,118,Martavis Bryant,STEELERS,WR,Clemson,1039096,0,0,0,828,7,42
2014,4,23,123,Kevin Norwood,SEAHAWKS,WR,Alabama,1022912,0,0,0,568,7,38
2014,5,2,142,Ryan Grant,TEAM,WR,Tulane,1026556,0,0,0,1149,6,76
2014,5,6,146,Devin Street,COWBOYS,WR,Pittsburgh,1025750,3,30,0,975,5,73
2014,5,36,176,Jared Abbrederis,PACKERS,WR,Wisconsin,1027166,6,119,2,1081,7,78
2014,6,9,185,Robert Herron,BUCCANEERS,WR,Wyoming,1035098,2,12,0,937,9,72
2014,6,13,189,T.J.  Jones,LIONS,WR,Notre Dame,NA,NA,NA,NA,NA,NA,NA
2014,6,14,190,Matt Hazel,DOLPHINS,WR,Coastal Carolina,1035222,0,0,0,83,0,6
2014,6,20,196,Walt Powell,CARDINALS,WR,Murray State,NA,NA,NA,NA,NA,NA,NA
2014,6,33,209,Quincy Enunwa,JETS,WR,Nebraska,1032959,3,-1,0,753,12,51
2014,7,3,218,Mike Campanaro,RAVENS,WR,Wake Forest,NA,NA,NA,NA,NA,NA,NA
2014,7,21,236,Jeff Janis,PACKERS,WR,Saginaw Valley State,NA,NA,NA,NA,NA,NA,NA
2014,7,24,239,James Wright,BENGALS,WR,Louisiana State,1032418,0,0,0,242,0,18
2014,7,25,240,Tevin Reese,CHARGERS,WR,Baylor,1031137,4,21,0,957,9,53
2014,7,29,244,Jeremy Gallon,PATRIOTS,WR,Michigan,1024795,3,4,0,1373,9,89
2015,1,4,4,Amari Cooper,RAIDERS,WR,Alabama,1046185,0,0,0,999,11,58
2015,1,7,7,Kevin White,BEARS,WR,West Virginia,1058314,0,0,0,507,5,35
2015,1,14,14,DeVante Parker,DOLPHINS,WR,Louisville,1040064,0,0,0,885,12,55
2015,1,20,20,Nelson Agholor,EAGLES,WR,USC,1049229,2,8,0,918,6,56
2015,1,26,26,Breshad Perriman,RAVENS,WR,Central Florida,1046760,0,0,0,811,4,39
2015,1,29,29,Phillip Dorsett,COLTS,WR,Miami (FL),1040249,5,8,0,842,4,58
2015,2,5,37,Devin Smith,JETS,WR,Ohio State,1040919,0,0,0,660,8,44
2015,2,8,40,Dorial Green-Beckham,TITANS,WR,Missouri,1048253,1,3,0,883,12,59
2015,2,9,41,Devin Funchess,PANTHERS,WR,Michigan,NA,NA,NA,NA,NA,NA,NA
2015,3,5,69,Tyler Lockett,SEAHAWKS,WR,Kansas State,1039822,2,10,0,1262,11,81
2015,3,6,70,Jaelen Strong,TEXANS,WR,Arizona State,1054222,0,0,0,1122,7,75
2015,3,12,76,Chris Conley,CHIEFS,WR,Georgia,1039514,0,0,0,288,2,16
2015,3,23,87,Sammie Coates,STEELERS,WR,Auburn,1038638,0,0,0,902,7,42
2015,3,30,94,Ty Montgomery,PACKERS,WR,Stanford,1041579,13,159,2,958,10,61
2015,4,6,105,Jamison Crowder,TEAM,WR,Duke,1039228,8,71,1,1360,8,108
2015,4,8,107,Justin Hardy,FALCONS,WR,East Carolina,1031709,0,0,0,1284,8,114
2015,4,24,123,Vince Mayle,BROWNS,WR,Washington State,1058234,0,0,0,539,7,42
2015,4,33,132,DeAndre Smelter,49ERS,WR,Georgia Tech,1055231,1,12,0,345,4,21
2015,5,3,139,Rashad Greene,JAGUARS,WR,Florida State,1039430,1,9,0,1128,9,76
2015,5,10,146,Stefon Diggs,VIKINGS,WR,Maryland,1047835,20,114,0,848,6,54
2015,5,20,156,Tony Lippett,DOLPHINS,WR,Michigan State,1032668,1,3,0,613,2,44
2015,5,23,159,J.J. Nelson,CARDINALS,WR,Alabama-Birmingham,NA,NA,NA,NA,NA,NA,NA
2015,5,26,162,Kenny Bell,BUCCANEERS,WR,Nebraska,1032988,2,8,0,863,8,50
2015,5,39,175,Keith Mumphery,TEXANS,WR,Michigan State,1032675,6,38,0,515,1,42
2015,6,8,184,Kaelin Clay,BUCCANEERS,WR,Utah,NA,NA,NA,NA,NA,NA,NA
2015,6,10,186,Geremy Davis,GIANTS,WR,Connecticut,1031672,0,0,0,1085,3,71
2015,6,11,187,Evan Spencer,TEAM,WR,Ohio State,1040920,0,0,0,216,3,22
2015,6,25,201,Bud Sasser,RAMS,WR,Missouri,1032905,0,0,0,361,1,26
2015,6,28,204,Darren Waller,RAVENS,WR,Georgia Tech,1039504,0,0,0,367,3,17
2015,7,3,220,Neal Sterling,JAGUARS,WR,Monmouth,NA,NA,NA,NA,NA,NA,NA
2015,7,4,221,Andre Debose,RAIDERS,WR,Florida,1023931,1,4,0,432,4,16
2015,7,16,233,Da\'Ron Brown,CHIEFS,WR,Northern Illinois,NA,NA,NA,NA,NA,NA,NA
2015,7,17,234,Dezmin Lewis,BILLS,WR,Central Arkansas,1044916,0,0,0,89,1,9
2015,7,21,238,Mario Alford,BENGALS,WR,West Virginia,1058337,5,47,0,552,2,27
2015,7,28,245,Tre McBride,TITANS,WR,William & Mary,1044159,0,0,0,108,0,3
2016,1,15,15,Corey Coleman,BROWNS,WR,Baylor,1046439,0,0,0,527,2,35
2016,1,21,21,Will Fuller,TEXANS,WR,Notre Dame,NA,NA,NA,NA,NA,NA,NA
2016,1,22,22,Josh Doctson,TEAM,WR,Texas Christian,1042629,0,0,0,440,4,36
2016,1,23,23,Laquon Treadwell,VIKINGS,WR,Mississippi,1056220,3,2,0,608,5,72
2016,2,9,40,Sterling Shepard,GIANTS,WR,Oklahoma,1048816,2,19,0,621,3,45
2016,2,16,47,Michael Thomas,SAINTS,WR,Ohio State,50130,0,0,0,1391,14,71
2016,2,24,55,Tyler Boyd,BENGALS,WR,Pittsburgh,1056983,11,108,1,1174,7,85
2016,3,22,85,Braxton Miller,TEXANS,WR,Ohio State,NA,NA,NA,NA,NA,NA,NA
2016,3,23,86,Leonte Carroo,DOLPHINS,WR,Rutgers,1049043,0,0,0,478,9,28
2016,4,9,107,Chris Moore,RAVENS,WR,Cincinnati,1039065,2,16,0,645,9,45
2016,4,14,112,Malcolm Mitchell,PATRIOTS,WR,Georgia,1039510,4,38,0,665,4,45
2016,4,16,114,Ricardo Louis,BROWNS,WR,Auburn,1046402,19,198,0,325,2,28
2016,4,19,117,Pharoh Cooper,RAMS,WR,South Carolina,1057203,20,202,1,54,1,3
2016,4,28,126,Demarcus Robinson,CHIEFS,WR,Florida,1055156,0,0,0,43,0,6
2016,5,1,140,Tajae Sharpe,TITANS,WR,Massachusetts,1047874,0,0,0,680,4,61
2016,5,15,154,Jordan Payton,BROWNS,WR,UCLA,1046697,0,0,0,440,1,38
2016,5,26,163,Trevor Davis,PACKERS,WR,California,1039576,0,0,0,366,3,28
2016,5,28,165,Tyreek Hill,CHIEFS,WR,West Alabama,NA,NA,NA,NA,NA,NA,NA
2016,5,35,172,Rashard Higgins,BROWNS,WR,Colorado State,1054866,0,0,0,837,6,68
2016,6,5,180,Moritz Boehringer,VIKINGS,WR,None,NA,NA,NA,NA,NA,NA,NA
2016,6,11,186,Jakeem Grant,DOLPHINS,WR,Texas Tech,1041774,12,77,0,796,7,65
2016,6,17,192,Kolby Listenbee,BILLS,WR,Texas Christian,1049584,0,0,0,59,0,1
2016,6,24,199,Cody Core,BENGALS,WR,Mississippi,1048241,0,0,0,91,0,4
2016,6,31,206,Mike Thomas,RAMS,WR,Southern Mississippi,81696,10,173,1,1021,11,82
2016,6,38,213,Aaron Burbridge,49ERS,WR,Michigan State,1048032,1,4,0,364,2,29
2016,7,4,225,Devin Lucien,PATRIOTS,WR,Arizona State,1038963,1,3,0,339,2,19
2016,7,8,229,DeMarcus Ayers,STEELERS,WR,Houston,NA,NA,NA,NA,NA,NA,NA
2016,7,9,230,Daniel Braverman,BEARS,WR,Western Michigan,1050441,4,5,1,135,0,18
2016,7,17,238,Devin Fuller,FALCONS,WR,UCLA,1046704,4,8,1,471,4,43
2016,7,20,241,Charone Peake,JETS,WR,Clemson,1039101,1,4,0,172,2,25
2016,7,22,243,Kenny Lawler,SEAHAWKS,WR,California,1046676,0,0,0,350,5,37
2017,1,5,5,Corey Davis,TITANS,WR,Western Michigan,1058429,1,2,0,941,6,67
2017,1,7,7,Mike Williams,CHARGERS,WR,Clemson,1003546,0,0,0,837,10,60
2017,1,9,9,John Ross,BENGALS,WR,Washington,1058282,6,39,0,208,1,16
2017,2,5,37,Zay Jones,BILLS,WR,East Carolina,NA,NA,NA,NA,NA,NA,NA
2017,2,8,40,Curtis Samuel,PANTHERS,WR,Ohio State,51813,97,771,8,865,7,74
2017,2,30,62,JuJu Smith-Schuster,STEELERS,WR,USC,51581,1,4,0,1454,10,89
2017,3,5,69,Cooper Kupp,RAMS,WR,Eastern Washington,1050593,0,0,0,189,3,10
2017,3,8,72,Taywan Taylor,TITANS,WR,Western Kentucky,1058364,0,0,0,270,0,24
2017,3,15,79,ArDarius Stewart,JETS,WR,Alabama,NA,NA,NA,NA,NA,NA,NA
2017,3,18,82,Carlos Henderson,BRONCOS,WR,Louisiana Tech,NA,NA,NA,NA,NA,NA,NA
2017,3,20,84,Chris Godwin,BUCCANEERS,WR,Penn State,51796,0,0,0,1101,5,69
2017,3,32,96,Kenny Golladay,LIONS,WR,Northern Illinois,1053218,0,0,0,47,0,3
2017,3,34,98,Chad Williams,CARDINALS,WR,Grambling State,1059843,0,0,0,42,0,2
2017,3,42,106,Amara Darboh,SEAHAWKS,WR,Michigan,1048092,0,0,0,0,0,0
2017,4,3,110,Dede Westbrook,JAGUARS,WR,Oklahoma,NA,NA,NA,NA,NA,NA,NA
2017,4,10,117,Josh Reynolds,RAMS,WR,Texas A&M,NA,NA,NA,NA,NA,NA,NA
2017,4,12,118,Mack Hollins,EAGLES,WR,North Carolina,1048296,0,0,0,0,0,0
2017,4,22,128,Josh Malone,BENGALS,WR,Tennessee,NA,NA,NA,NA,NA,NA,NA
2017,4,27,133,Ryan Switzer,COWBOYS,WR,North Carolina,NA,NA,NA,NA,NA,NA,NA
2017,4,33,139,Jehu Chesson,CHIEFS,WR,Michigan,1048094,2,1,0,221,1,15
2017,4,35,141,Chad Hansen,JETS,WR,California,1061115,0,0,0,28,0,4
2017,5,22,166,Shelton Gibson,EAGLES,WR,West Virginia,NA,NA,NA,NA,NA,NA,NA
2017,5,27,170,Rodney Adams,VIKINGS,WR,South Florida,1057771,1,5,0,15,0,2
2017,5,29,172,Isaiah McKenzie,BRONCOS,WR,Georgia,51802,19,134,2,633,7,44
2017,5,32,175,DeAngelo Yancey,PACKERS,WR,Purdue,1057039,0,0,0,546,2,32
2017,5,34,177,Trent Taylor,49ERS,WR,Louisiana Tech,1055797,0,0,0,260,2,28
2017,6,25,209,Robert Davis,TEAM,WR,Georgia State,1055203,0,0,0,711,4,44
2017,7,1,219,Stacy Coley,VIKINGS,WR,Miami (FL),1056031,2,80,1,591,7,33
2017,7,8,226,David Moore,SEAHAWKS,WR,East Central (OK),NA,NA,NA,NA,NA,NA,NA
2017,7,19,237,Isaiah Ford,DOLPHINS,WR,Virginia Tech,51709,7,51,0,1164,11,75
2017,7,21,239,Noah Brown,COWBOYS,WR,Ohio State,51798,0,0,0,402,7,32
2017,7,29,247,Malachi Dupre,PACKERS,WR,Louisiana State,NA,NA,NA,NA,NA,NA,NA
2018,1,24,24,D.J. Moore,PANTHERS,WR,Maryland,101759,5,61,1,1033,8,80
2018,1,26,26,Calvin Ridley,FALCONS,WR,Alabama,101515,1,2,0,1045,7,89
2018,2,8,40,Courtland Sutton,BRONCOS,WR,Southern Methodist,101521,0,0,0,1246,10,76
2018,2,12,44,Dante Pettis,49ERS,WR,Washington,101565,0,0,0,822,15,53
2018,2,15,47,Christian Kirk,CARDINALS,WR,Texas A&M,101517,11,54,0,1009,7,80
2018,2,19,51,Anthony Miller,BEARS,WR,Memphis,NA,NA,NA,NA,NA,NA,NA
2018,2,28,60,James Washington,STEELERS,WR,Oklahoma State,101552,3,12,1,1549,13,74
2018,2,29,61,DJ Chark,JAGUARS,WR,Louisiana State,NA,NA,NA,NA,NA,NA,NA
2018,3,17,81,Michael Gallup,COWBOYS,WR,Colorado State,101615,0,0,0,1413,7,100
2018,3,27,91,Tre\'Quan Smith,SAINTS,WR,Central Florida,NA,NA,NA,NA,NA,NA,NA
2018,4,3,103,Keke Coutee,TEXANS,WR,Texas Tech,101780,5,15,0,1429,10,93
2018,4,5,105,Antonio Callaway,BROWNS,WR,Florida,101561,5,32,1,721,3,54
2018,4,13,113,DaeSean Hamilton,BRONCOS,WR,Penn State,NA,NA,NA,NA,NA,NA,NA
2018,4,32,132,Jaleel Scott,RAVENS,WR,New Mexico State,101636,0,0,0,1079,9,76
2018,4,33,133,J\'Mon Moore,PACKERS,WR,Missouri,NA,NA,NA,NA,NA,NA,NA
2018,5,7,144,Justin Watson,BUCCANEERS,WR,Pennsylvania,NA,NA,NA,NA,NA,NA,NA
2018,5,22,159,Daurice Fountain,COLTS,WR,Northern Iowa,101796,0,0,0,0,1,0
2018,5,25,162,Jordan Lasley,RAVENS,WR,UCLA,101839,4,-6,0,1264,9,69
2018,5,37,174,Marquez Valdes-Scantling,PACKERS,WR,South Florida,1056519,0,0,0,281,0,22
2018,6,1,175,Damion Ratley,BROWNS,WR,Texas A&M,102341,0,0,0,694,6,30
2018,6,11,185,Deon Cain,COLTS,WR,Clemson,101579,0,0,0,734,6,58
2018,6,13,187,Ray-Ray McCloud,BILLS,WR,Clemson,101800,6,30,0,503,1,49
2018,6,17,191,Dylan Cantrell,CHARGERS,WR,Texas Tech,1057639,0,0,0,70,1,9
2018,6,20,194,Russell Gage,FALCONS,WR,Louisiana State,NA,NA,NA,NA,NA,NA,NA
2018,6,33,207,Equanimeous St. Brown,PACKERS,WR,Notre Dame,101808,0,0,0,961,9,58
2018,6,34,208,Cedrick Wilson,COWBOYS,WR,Boise State,101833,9,13,0,1511,7,83
2018,6,36,210,Braxton Berrios,PATRIOTS,WR,Miami (FL),101761,0,0,0,679,9,55
2018,7,6,224,Javon Wims,BEARS,WR,Georgia,101734,0,0,0,720,7,45
2018,7,10,228,Marcell Ateman,RAIDERS,WR,Oklahoma State,1056799,0,0,0,276,0,22
2018,7,22,240,Richie James,49ERS,WR,Middle Tennessee,101762,38,339,4,1625,12,105
2018,7,35,253,Auden Tate,BENGALS,WR,Florida State,NA,NA,NA,NA,NA,NA,NA
2018,7,37,255,Austin Proehl,BILLS,WR,North Carolina,NA,NA,NA,NA,NA,NA,NA
2018,7,38,256,Trey Quinn,TEAM,WR,Southern Methodist,NA,NA,NA,NA,NA,NA,NA
2019,1,25,25,Marquise Brown,RAVENS,WR,Oklahoma,NA,NA,NA,NA,NA,NA,NA
2019,1,32,32,N\'Keal Harry,PATRIOTS,WR,Arizona State,NA,NA,NA,NA,NA,NA,NA
2019,2,4,36,Deebo Samuel,49ERS,WR,South Carolina,103567,8,26,0,882,11,62
2019,2,19,51,A.J. Brown,TITANS,WR,Mississippi,103532,0,0,0,1320,6,85
2019,2,24,56,Mecole Hardman,CHIEFS,WR,Georgia,103860,5,36,0,532,7,34
2019,2,25,57,JJ Arcega-Whiteside,EAGLES,WR,Stanford,103574,0,0,0,1059,14,63
2019,2,27,59,Parris Campbell,COLTS,WR,Ohio State,103553,9,24,0,1063,12,90
2019,2,30,62,Andy Isabella,CARDINALS,WR,Massachusetts,NA,NA,NA,NA,NA,NA,NA
2019,2,32,64,D.K. Metcalf,SEAHAWKS,WR,Mississippi,NA,NA,NA,NA,NA,NA,NA
2019,3,2,66,Diontae Johnson,STEELERS,WR,Toledo,103915,2,9,0,1278,13,74
2019,3,3,67,Jalen Hurd,49ERS,WR,Baylor,NA,NA,NA,NA,NA,NA,NA
2019,3,12,76,Terry McLaurin,TEAM,WR,Ohio State,103800,0,0,0,701,11,35
2019,3,29,93,Miles Boykin,RAVENS,WR,Notre Dame,103864,0,0,0,872,8,59
2019,4,1,103,Hakeem Butler,CARDINALS,WR,Iowa State,103546,0,0,0,1318,9,60
2019,4,18,120,Gary Jennings ,SEAHAWKS,WR,West Virginia,NA,NA,NA,NA,NA,NA,NA
2019,4,24,126,Riley Ridley,BEARS,WR,Georgia,103858,0,0,0,570,9,44
2019,5,11,149,Hunter Renfrow,RAIDERS,WR,Clemson,103624,0,0,0,602,3,60
2019,5,26,164,EJ Speed,COLTS,WR,Tarleton State,NA,NA,NA,NA,NA,NA,NA
2019,5,33,171,Darius Slayton,GIANTS,WR,Auburn,103862,0,0,0,670,5,35
2019,6,1,174,KeeSean Johnson,CARDINALS,WR,Fresno State,NA,NA,NA,NA,NA,NA,NA
2019,6,11,184,Travis Fulgham,LIONS,WR,Dominion,103903,0,0,0,1083,9,63
2019,6,14,187,Juwann Winfree,BRONCOS,WR,Colorado,104046,0,0,0,325,2,21
2019,6,30,203,Marcus Green,FALCONS,WR,Louisiana-Monroe,104050,20,193,1,855,8,50
2019,6,33,206,Kelvin Harmon,TEAM,WR,North Carolina State,103580,0,0,0,1186,7,81
2019,6,35,208,Scotty Miller,BUCCANEERS,WR,Bowling Green,NA,NA,NA,NA,NA,NA,NA
2019,7,22,236,John Ursua,SEAHAWKS,WR,Hawaii,103882,2,4,1,1343,16,89
2019,7,23,237,Terry Godwin,PANTHERS,WR,Georgia,103594,0,0,0,639,6,38
2019,7,25,239,Dillon Mitchell,VIKINGS,WR,Oregon,103887,1,5,0,1184,10,75
2019,7,33,247,Olabisi Johnson,VIKINGS,WR,Colorado State,NA,NA,NA,NA,NA,NA,NA
2020,1,12,12,Henry Ruggs,RAIDERS,WR,Alabama,NA,NA,NA,NA,NA,NA,NA
2020,1,15,15,Jerry Jeudy,BRONCOS,WR,Alabama,104094,0,0,0,1315,14,68
2020,1,17,17,CeeDee Lamb,COWBOYS,WR,Oklahoma,NA,NA,NA,NA,NA,NA,NA
2020,1,21,21,Jalen Reagor,EAGLES,WR,Texas Christian,104117,13,170,2,1061,9,72
2020,1,22,22,Justin Jefferson,VIKINGS,WR,Louisiana State,104360,0,0,0,1540,18,111
2020,1,25,25,Brandon Aiyuk,49ERS,WR,Arizona State,104224,1,6,0,1192,8,65
2020,2,1,33,Tee Higgins,BENGALS,WR,Clemson,104116,1,36,1,1167,13,59
2020,2,2,34,Michael Pittman,COLTS,WR,USC,NA,NA,NA,NA,NA,NA,NA
2020,2,10,42,Laviska Shenault,JAGUARS,WR,Colorado,NA,NA,NA,NA,NA,NA,NA
2020,2,14,46,KJ Hamler,BRONCOS,WR,Penn State,104361,13,43,0,904,8,56
2020,2,17,49,Chase Claypool,STEELERS,WR,Notre Dame,104180,0,0,0,1037,13,66
2020,2,25,57,Van Jefferson,RAMS,WR,Florida,NA,NA,NA,NA,NA,NA,NA
2020,2,27,59,Denzel Mims,JETS,WR,Baylor,104228,1,-6,0,1087,8,61
2020,3,2,66,Antonio Gibson,TEAM,WR,Memphis,104491,33,369,4,735,8,38
2020,3,16,80,Lynn Bowden,RAIDERS,WR,Kentucky,NA,NA,NA,NA,NA,NA,NA
2020,3,17,81,Bryan Edwards,RAIDERS,WR,South Carolina,20394,0,0,0,846,7,55
2020,3,28,92,Devin Duvernay,RAVENS,WR,Texas,104227,10,24,1,1386,9,106
2020,4,22,128,Gabriel Davis,BILLS,WR,Central Florida,104457,0,0,0,1241,12,72
2020,4,36,142,Antonio Gandy-Golden,TEAM,WR,Liberty,104394,0,0,0,1396,10,79
2020,5,5,151,Joe Reed,CHARGERS,WR,Virginia,104373,8,42,0,679,7,77
2020,5,15,161,Tyler Johnson,BUCCANEERS,WR,Minnesota,NA,NA,NA,NA,NA,NA,NA
2020,5,19,165,Collin Johnson,JAGUARS,WR,Texas,104137,0,0,0,985,7,68
2020,5,20,166,Quintez Cephus,LIONS,WR,Wisconsin,NA,NA,NA,NA,NA,NA,NA
2020,5,22,168,John Hightower,EAGLES,WR,Boise State,104652,16,154,0,943,8,51
2020,5,25,171,Isaiah Coulter,TEXANS,WR,Rhode Island,104647,3,6,0,1039,8,72
2020,5,27,173,Darnell Mooney,BEARS,WR,Tulane,104683,1,6,0,993,8,48
2020,5,30,176,K.J. Osborn,VIKINGS,WR,Miami (FL),NA,NA,NA,NA,NA,NA,NA
2020,6,8,187,Donovan Peoples-Jones,BROWNS,WR,Michigan,104140,3,37,0,612,8,47
2020,6,21,200,Quez Watkins,EAGLES,WR,Southern Mississippi,104449,1,1,0,1178,6,64
2020,6,22,201,James Proche,RAVENS,WR,Southern Methodist,104495,4,18,0,1225,15,111
2020,6,28,207,Isaiah Hodgins,BILLS,WR,Oregon State,104439,0,0,0,1171,13,86
2020,6,33,212,Dezmon Patmon,COLTS,WR,Washington State,104239,0,0,0,816,5,61
2020,6,35,214,Freddie Swain,SEAHAWKS,WR,Florida,104693,4,27,0,517,7,38
2020,7,3,217,Jauan Jennings,49ERS,WR,Tennessee,104248,13,51,1,969,8,59
2020,7,6,220,K.J. Hill,CHARGERS,WR,Ohio State,104166,1,-3,0,885,6,70
2020,7,32,246,Malcolm Perry,DOLPHINS,WR,Navy,104709,138,1182,11,303,2,13
2020,7,38,252,Tyrie Cleveland,BRONCOS,WR,Florida,NA,NA,NA,NA,NA,NA,NA
2021,1,5,5,Ja\'Marr Chase,BENGALS,WR,Louisiana State,NA,NA,NA,NA,NA,NA,NA
2021,1,6,6,Jaylen Waddle,DOLPHINS,WR,Alabama,104744,0,0,0,848,7,45
2021,1,10,10,DeVonta Smith,EAGLES,WR,Alabama,104741,4,6,1,1856,23,117
2021,1,20,20,Kadarius Toney,GIANTS,WR,Florida,105142,19,161,1,984,10,70
2021,1,27,27,Rashod Bateman,RAVENS,WR,Minnesota,104740,0,0,0,1219,11,60
2021,2,2,34,Elijah Moore,JETS,WR,Mississippi,105139,14,64,0,1193,8,86
2021,2,17,49,Rondale Moore,CARDINALS,WR,Purdue,104779,21,213,2,1258,12,114
2021,2,24,56,D\'Wayne Eskridge,SEAHAWKS,WR,Western Michigan,NA,NA,NA,NA,NA,NA,NA
2021,2,25,57,Tutu Atwell,RAMS,WR,Louisville,104822,8,29,0,1276,12,70
2021,2,27,59,Terrace Marshall,PANTHERS,WR,Louisiana State,NA,NA,NA,NA,NA,NA,NA
2021,3,13,77,Josh Palmer,CHARGERS,WR,Tennessee,104837,5,27,1,484,2,23
2021,3,18,82,Dyami Brown,TEAM,WR,North Carolina,105274,0,0,0,1099,8,55
2021,3,21,85,Amari Rodgers,PACKERS,WR,Clemson,NA,NA,NA,NA,NA,NA,NA
2021,3,25,89,Nico Collins,TEXANS,WR,Michigan,104759,0,0,0,729,7,37
2021,3,27,91,Anthony Schwartz,BROWNS,WR,Auburn,105302,4,-6,0,636,3,54
2021,4,4,109,Dez Fitzpatrick,TITANS,WR,Louisville,105171,0,0,0,833,3,43
2021,4,7,112,Amon-Ra St. Brown,LIONS,WR,USC,105283,7,60,1,1042,6,77
2021,4,24,129,Jaelon Darden,BUCCANEERS,WR,North Texas,105435,1,-3,0,1190,19,74
2021,4,26,131,Tylan Wallace,RAVENS,WR,Oklahoma State,104781,1,6,1,1491,12,86
2021,5,13,157,Ihmir Smith-Marsette,VIKINGS,WR,Iowa,104790,11,108,3,722,5,44
2021,5,35,179,Simi Fehoko,COWBOYS,WR,Stanford,105292,1,-1,0,574,3,37
2021,5,37,181,Cornell Powell,CHIEFS,WR,Clemson,105203,0,0,0,882,7,53
2021,6,3,187,Frank Darby,FALCONS,WR,Arizona State,105197,0,0,0,616,8,31
2021,6,19,203,Marquez Stevenson,BILLS,WR,Houston,104798,14,126,2,1019,9,75
2021,6,20,204,Shi Smith,PANTHERS,WR,South Carolina,104917,0,0,0,673,4,45
2021,6,21,205,Racey McMath,TITANS,WR,Louisiana State,105188,0,0,0,285,3,17
2021,6,25,209,Jalen Camp,JAGUARS,WR,Georgia Tech,NA,NA,NA,NA,NA,NA,NA
2021,6,35,219,Seth Williams,BRONCOS,WR,Auburn,105290,0,0,0,830,8,59
2021,6,37,221,Dazz Newsome,BEARS,WR,North Carolina,105308,3,9,0,1018,10,72
2021,7,1,229,Mike Strachan,COLTS,WR,Charleston,NA,NA,NA,NA,NA,NA,NA
2021,7,15,242,Tre Nixon,PATRIOTS,WR,Central Florida,NA,NA,NA,NA,NA,NA,NA
2021,7,22,249,Ben Skowronek,RAMS,WR,Notre Dame,105179,0,0,0,644,5,45
2021,7,28,255,Kawaan Baker,SAINTS,WR,South Alabama,NA,NA,NA,NA,NA,NA,NA
2021,7,31,258,Dax Milne,TEAM,WR,Brigham Young,105318,11,67,0,1188,8,70